{"cameraMode":{"drawMode":0,"name":"Shaded","section":"Shading Mode"},"sceneLighting":false,"audioPlay":false,"sceneViewState":{"m_AlwaysRefresh":false,"showFog":true,"showSkybox":false,"showFlares":true,"showImageEffects":true,"showParticleSystems":true,"showVisualEffectGraphs":true,"m_FxEnabled":true},"in2DMode":false,"pivot":{"x":-3.568303346633911,"y":-22.451528549194337,"z":27.45794105529785},"rotation":{"x":0.320967435836792,"y":-0.053944628685712817,"z":0.018329115584492685,"w":0.9453537464141846},"size":21.599285125732423,"orthographic":false}