{"cameraMode":{"drawMode":0,"name":"Shaded","section":"Shading Mode"},"sceneLighting":false,"audioPlay":false,"sceneViewState":{"m_AlwaysRefresh":false,"showFog":true,"showSkybox":false,"showFlares":true,"showImageEffects":true,"showParticleSystems":true,"showVisualEffectGraphs":true,"m_FxEnabled":true},"in2DMode":false,"pivot":{"x":3.5984110832214357,"y":1.9384498596191407,"z":4.029348373413086},"rotation":{"x":0.248142808675766,"y":-0.01743783988058567,"z":0.004480143077671528,"w":0.9685347080230713},"size":10.357617378234864,"orthographic":false}